data_origin,sample_field,date,rainfall_mm,mean_temperature_c
SYNTHETIC_DEMO_NOT_REAL_FARM_DATA,Field B,2026-01-01,71,10
SYNTHETIC_DEMO_NOT_REAL_FARM_DATA,Field B,2026-02-01,66,12
SYNTHETIC_DEMO_NOT_REAL_FARM_DATA,Field B,2026-03-01,61,14
SYNTHETIC_DEMO_NOT_REAL_FARM_DATA,Field B,2026-04-01,56,16
SYNTHETIC_DEMO_NOT_REAL_FARM_DATA,Field B,2026-05-01,51,18
SYNTHETIC_DEMO_NOT_REAL_FARM_DATA,Field B,2026-06-01,46,20
SYNTHETIC_DEMO_NOT_REAL_FARM_DATA,Field B,2026-07-01,41,22
SYNTHETIC_DEMO_NOT_REAL_FARM_DATA,Field B,2026-08-01,36,24
SYNTHETIC_DEMO_NOT_REAL_FARM_DATA,Field B,2026-09-01,31,26
